{
   "$schema":"https://schema.management.azure.com/schemas/0.1.2-preview/CreateUIDefinition.MultiVm.json#",
   "handler":"Microsoft.Azure.CreateUIDef",
   "version":"0.1.2-preview",
   "parameters":{
      "basics":[
         {
            "name":"vmName",
            "type":"Microsoft.Common.TextBox",
            "label":"Virtual Machine name",
            "toolTip":"The name of the Virtual Machine.",
            "defaultValue":"visionai",
            "constraints":{
               "required":true,
               "regex":"^[a-z0-9A-Z-]{3,79}$",
               "validationMessage":"The VM Name must be between 3 and 79 characters long and contain letters, numbers and hyphens only."
            }
         }
      ],
      "steps":[
         {
            "name":"VirtualMachineConfig",
            "label":"Virtual Machine Settings",
            "subLabel":{
               "preValidation":"Configure the virtual machine's resources and settings",
               "postValidation":"Done"
            },
            "bladeTitle":"Virtual Machine Settings",
            "elements":[
               {
                  "name":"vmSize",
                  "type":"Microsoft.Compute.SizeSelector",
                  "label":"Virtual machine size",
                  "toolTip":"The size of virtual machine to provision.",
                  "recommendedSizes":[
                     "Standard_D2_v2",
                     "Standard_A2_v2"
                  ],
                  "osPlatform":"Linux",
                  "count":"1"
               }
            ]
         },
         {
            "name":"bladeData",
            "label":"My blade",
            "elements":[
               {
                  "name":"resourceSelector",
                  "type":"Microsoft.Solutions.ResourceSelector",
                  "label":"Available storage accounts",
                  "resourceType":"Microsoft.Storage/storageAccounts",
                  "toolTip":"Select a storage account from the available list",
                  "options":{
                     "filter":{
                        "subscription":"onBasics",
                        "location":"onBasics"
                     }
                  },
                  "visible":true
               },
               {
                  "name":"armApiControl",
                  "type":"Microsoft.Solutions.ArmApiControl",
                  "request":{
                     "method":"GET",
                     "path":"[concat(subscription().id, '/providers/Microsoft.Storage/storageAccounts?api-version=2021-04-01')]"
                  }
               }
            ]
         }
      ],
      "outputs":{
         "location":"[location()]"
      }
   }
}