{
	"$schema": "https://schema.management.azure.com/schemas/0.1.2-preview/CreateUIDefinition.MultiVm.json#",
	"handler": "Microsoft.Azure.CreateUIDef",
	"version": "0.1.2-preview",
	"parameters": {
		"config": {
			"isWizard": false,
			"basics": {
				"location": {
					"visible": "[basics('createNewCluster')]",
					"allowedValues": [
						"eastus",
						"westcentralus",
						"westeurope"
					]
				},
				"resourceGroup": {
					"allowExisting": true
				}
			}
		},
		"basics": [
			{
				"name": "createNewCluster",
				"type": "Microsoft.Common.OptionsGroup",
				"label": "Create new dev cluster?",
				"defaultValue": "No",
				"toolTip": "Create new cluster",
				"constraints": {
					"allowedValues": [
						{
							"label": "Yes",
							"value": true
						},
						{
							"label": "No",
							"value": false
						}
					],
					"required": true
				},
				"visible": true
			}
		],
		"steps": [
			{
				"name": "clusterDetails",
				"label": "Cluster Details",
				"elements": [
					{
						"name": "existingClusterSection",
						"type": "Microsoft.Common.Section",
						"elements": [
							{
								"name": "clusterLookupControl",
								"type": "Microsoft.Solutions.ArmApiControl",
								"request": {
									"method": "GET",
									"path": "[concat(subscription().id, '/resourcegroups/', resourceGroup().name,  '/providers/Microsoft.ContainerService/managedClusters?api-version=2022-03-01')]"
								}
							},
							{
								"name": "existingClusterResourceName",
								"type": "Microsoft.Common.DropDown",
								"label": "AKS Cluster Name",
								"toolTip": "AKS Cluster Resource Name",
								"constraints": {
									"allowedValues": "[map(steps('clusterDetails').existingClusterSection.clusterLookupControl.value, (item) => parse(concat('{\"label\":\"', item.name, '\",\"value\":\"', item.name, '\"}')))]",
									"required": true
								}
							}
						],
						"visible": "[equals(basics('createNewCluster'), false)]"
					},
					{
						"name": "newClusterSection",
						"type": "Microsoft.Common.Section",
						"elements": [
							{
								"name": "aksVersionLookupControl",
								"type": "Microsoft.Solutions.ArmApiControl",
								"request": {
									"method": "GET",
									"path": "[concat(subscription().id, '/providers/Microsoft.ContainerService/locations/', location(),  '/orchestrators?api-version=2019-04-01&resource-type=managedClusters')]"
								}
							},
							{
								"name": "newClusterResourceName",
								"type": "Microsoft.Common.TextBox",
								"label": "AKS cluster name",
								"defaultValue": "",
								"toolTip": "Use only allowed characters",
								"constraints": {
									"required": true,
									"regex": "^[a-z0-9A-Z]{6,30}$",
									"validationMessage": "Only alphanumeric characters are allowed, and the value must be 6-30 characters long."
								}
							},
							{
								"name": "kubernetesVersion",
								"type": "Microsoft.Common.DropDown",
								"label": "Kubernetes version",
								"toolTip": "The version of Kubernetes that should be used for this cluster. You will be able to upgrade this version after creating the cluster.",
								"constraints": {
									"allowedValues": "[map(steps('clusterDetails').newClusterSection.aksVersionLookupControl.properties.orchestrators, (item) => parse(concat('{\"label\":\"', item.orchestratorVersion, '\",\"value\":\"', item.orchestratorVersion, '\"}')))]",
									"required": true
								}
							},
							{
								"name": "vmSize",
								"type": "Microsoft.Compute.SizeSelector",
								"label": "VM size",
								"toolTip": "The size of virtual machine for VM.",
								"recommendedSizes": [
									"Standard_B4ms",
									"Standard_DS2_v2",
									"Standard_D4s_v3"
								],
								"constraints": {
									"allowedSizes": [
										"Standard_B4ms",
										"Standard_DS2_v2",
										"Standard_D4s_v3"
									]
								},
								"osPlatform": "Linux"
							},
							{
								"name": "enableAutoScaling",
								"type": "Microsoft.Common.CheckBox",
								"label": "Enable auto scaling",
								"toolTip": "Enable auto scaling",
								"defaultValue": true						
							},
							{
								"name": "vmCount",
								"type": "Microsoft.Common.Slider",
								"min": 1,
								"max": 10,
								"label": "VMCount",
								"defaultValue": 1,
								"showStepMarkers": false,
								"toolTip": "Specify VM count",
								"constraints": {
									"required": false
								},
								"visible": true
							}
						],
						"visible": "[basics('createNewCluster')]"
					}
				]
			}
		],
		"outputs": {
			"location": "[location()]",
			"createNewCluster": "[basics('createNewCluster')]",
			"clusterResourceName": "[if(basics('createNewCluster'), steps('clusterDetails').newClusterSection.newClusterResourceName, steps('clusterDetails').existingClusterSection.existingClusterResourceName)]",
			"kubernetesVersion": "[steps('clusterDetails').newClusterSection.kubernetesVersion]",
			"vmSize": "[steps('clusterDetails').newClusterSection.vmSize]",
			"vmEnableAutoScale": "[steps('clusterDetails').newClusterSection.enableAutoScaling]",
			"vmCount": "[steps('clusterDetails').newClusterSection.vmCount]"
		}
	}
}