{
   "$schema":"https://schema.management.azure.com/schemas/0.1.2-preview/CreateUIDefinition.MultiVm.json#",
   "handler":"Microsoft.Azure.CreateUIDef",
   "version":"0.1.2-preview",
   "parameters":{
      "basics":[
         {
            "name":"vmName",
            "type":"Microsoft.Common.TextBox",
            "label":"Virtual Machine name",
            "toolTip":"The name of the Virtual Machine.",
            "defaultValue":"visionai",
            "constraints":{
               "required":true,
               "regex":"^[a-z0-9A-Z-]{3,79}$",
               "validationMessage":"The VM Name must be between 3 and 79 characters long and contain letters, numbers and hyphens only."
            }
         },
         {
            "name": "adminPassword",
            "type": "Microsoft.Common.PasswordBox",
            "label": {
               "password": "Password",
               "confirmPassword": "Confirm password"
            },
            "toolTip": "Password for the VM",
            "constraints":{
               "required":true,
               "regex":"^[a-zA-Z0-9]{12}$",
               "validationMessage":"Password must be 12 characters long, contain only letters and numbers."
            },
            "options": {
               "hideConfirmation": false
            },
            "visible": true
         }
      ],
      "steps":[
         {
            "name":"VirtualMachineConfig",
            "label":"Virtual Machine Settings",
            "subLabel":{
               "preValidation":"Configure the virtual machine's resources and settings",
               "postValidation":"Done"
            },
            "bladeTitle":"Virtual Machine Settings",
            "elements":[
               {
                  "name":"vmSize",
                  "type":"Microsoft.Compute.SizeSelector",
                  "label":"Virtual machine size",
                  "toolTip":"The size of virtual machine to provision.",
                  "recommendedSizes":[
                     "Standard_D2s_v3"
                  ],
                  "osPlatform":"Linux",
                  "count":"1"
               }
            ]
         }
      ],
      "outputs":{
         "location":"[location()]",
         "vmSize": "[steps('VirtualMachineConfig').vmSize]",
        "storageAccountName": {
         "type": "string"
       },
       "adminPassword": "[basics('adminPassword').adminPassword]"
      }
   }
}