{
    "$schema": "https://schema.management.azure.com/schemas/2019-04-01/deploymentTemplate.json#",
    "contentVersion": "1.0.0.0",
    "parameters": {
        "clusterResourceName": {
            "type": "String",
            "metadata": {
                "description": "The name of the Managed Cluster resource."
            }
        },
        "createNewCluster": {
            "type": "Bool",
            "defaultValue": true,
            "metadata": {
                "description": "When set to 'true', creates new AKS cluster. Otherwise, an existing cluster is used."
            }
        },
        "location": {
            "type": "String",
            "metadata": {
                "description": "The location of AKS resource."
            }
        },
        "vmSize": {
            "type": "String",
            "defaultValue": "Standard_DS2_v2",
            "metadata": {
                "description": "VM size"
            }
        },
        "vmEnableAutoScale": {
            "type": "Bool",
            "defaultValue": true,
            "metadata": {
                "description": "enable auto scaling"
            }
        },
        "vmCount": {
            "type": "Int",
            "defaultValue": 3,
            "metadata": {
                "description": "VM count"
            }
        },
        "dnsPrefix": {
            "defaultValue": "[concat(parameters('clusterResourceName'),'-dns')]",
            "type": "String",
            "metadata": {
                "description": "Optional DNS prefix to use with hosted Kubernetes API server FQDN."
            }
        },
        "osDiskSizeGB": {
            "defaultValue": 0,
            "minValue": 0,
            "maxValue": 1023,
            "type": "Int",
            "metadata": {
                "description": "Disk size (in GiB) to provision for each of the agent pool nodes. This value ranges from 0 to 1023. Specifying 0 will apply the default disk size for that agentVMSize."
            }
        },
        "kubernetesVersion": {
            "type": "String",
            "defaultValue": "1.26.0",
            "metadata": {
                "description": "The version of Kubernetes."
            }
        },
        "networkPlugin": {
            "defaultValue": "kubenet",
            "allowedValues": [
                "azure",
                "kubenet"
            ],
            "type": "String",
            "metadata": {
                "description": "Network plugin used for building Kubernetes network."
            }
        },
        "enableRBAC": {
            "defaultValue": true,
            "type": "Bool",
            "metadata": {
                "description": "Boolean flag to turn on and off of RBAC."
            }
        },
        "enablePrivateCluster": {
            "defaultValue": false,
            "type": "Bool",
            "metadata": {
                "description": "Enable private network access to the Kubernetes cluster."
            }
        },
        "enableHttpApplicationRouting": {
            "defaultValue": true,
            "type": "Bool",
            "metadata": {
                "description": "Boolean flag to turn on and off http application routing."
            }
        },
        "enableAzurePolicy": {
            "defaultValue": false,
            "type": "Bool",
            "metadata": {
                "description": "Boolean flag to turn on and off Azure Policy addon."
            }
        },
        "enableSecretStoreCSIDriver": {
            "defaultValue": false,
            "type": "Bool",
            "metadata": {
                "description": "Boolean flag to turn on and off secret store CSI driver."
            }
        }
    },
    "variables": {},
    "resources": [
        {
            "type": "Microsoft.ContainerService/managedClusters",
            "condition" : "[parameters('createNewCluster')]",
            "apiVersion": "2022-11-01",
            "name": "[parameters('clusterResourceName')]",
            "location": "[parameters('location')]",
            "dependsOn": [],
            "tags": {},
            "sku": {
                "name": "Basic",
                "tier": "Free"
            },
            "identity": {
                "type": "SystemAssigned"
            },
            "properties": {
                "kubernetesVersion": "[parameters('kubernetesVersion')]",
                "enableRBAC": "[parameters('enableRBAC')]",
                "dnsPrefix": "[parameters('dnsPrefix')]",
                "agentPoolProfiles": [
                    {
                        "name": "agentpool",
                        "osDiskSizeGB": "[parameters('osDiskSizeGB')]",
                        "count": "[parameters('vmCount')]",
                        "enableAutoScaling": "[parameters('vmEnableAutoScale')]",
                        "minCount": 1,
                        "maxCount": 10,
                        "vmSize": "[parameters('vmSize')]",
                        "osType": "Linux",
                        "storageProfile": "ManagedDisks",
                        "type": "VirtualMachineScaleSets",
                        "mode": "System",
                        "maxPods": 110,
                        "enableNodePublicIP": false,
                        "tags": {}
                    }
                ],
                "networkProfile": {
                    "loadBalancerSku": "standard",
                    "networkPlugin": "[parameters('networkPlugin')]"
                },
                "apiServerAccessProfile": {
                    "enablePrivateCluster": "[parameters('enablePrivateCluster')]"
                },
                "addonProfiles": {
                    "httpApplicationRouting": {
                        "enabled": "[parameters('enableHttpApplicationRouting')]"
                    },
                    "azurepolicy": {
                        "enabled": "[parameters('enableAzurePolicy')]"
                    },
                    "azureKeyvaultSecretsProvider": {
                        "enabled": "[parameters('enableSecretStoreCSIDriver')]"
                    }
                }
            }
        }
     ],
    "outputs": {
    }
}